{
    "entityPrefix": "membership",
    "membership_collection": [
        {
            "memberRole": "Instructor",
            "userDisplayName": "Joe I. Instructor",
            "userEmail": "joe@none.none",
            "userComment": "Needs improvement."
        },
        {
            "memberRole": "TA",
            "userDisplayName": "Mike A. Smith",
            "userEmail": "msmith@none.none",
            "userComment": " "
        },
        {
            "memberRole": "Student",
            "userDisplayName": "Jane Doe",
            "userEmail": "j.doe@none.none",
            "userComment": " "
        },
        {
            "memberRole": "Guest",
            "userDisplayName": "Laura S. Roberts",
            "userEmail": "roberts_laura@none.none",
            "userComment": " "
        },
        {
            "memberRole": "Student",
            "userDisplayName": "Erin A. Wilson",
            "userEmail": "thewilsones@none.none",
            "userComment": " "
        },
        {
            "memberRole": "Student",
            "userDisplayName": "Ben Singer",
            "userEmail": "singer21@none.none",
            "userComment": " "
        },
        {
            "memberRole": "Student",
            "userDisplayName": "Bhaktavatsalam Bhayakridbhayanashanachar",
            "userEmail": "bb@local.host",
            "userComment": "Morbi aliquam justo ac neque malesuada "
        },
        {
            "memberRole": "Instructor",
            "userDisplayName": "Dept Admin",
            "userEmail": "da1@local.host",
            "userComment": "magnis dis parturient montes"
        },
        {
            "memberRole": "Student",
            "userDisplayName": "Ângeolo Haslip",
            "userEmail": "ah@local.host",
            "userComment": " "
        },
        {
            "memberRole": "Instructor",
            "userDisplayName": "The Instructor",
            "userEmail": "instructor@local.host",
            "userComment": " "
        },
        {
            "memberRole": "Instructor",
            "userDisplayName": "The Instructor1",
            "userEmail": "instructor1@local.host",
            "userComment": " "
        },
        {
            "memberRole": "Instructor",
            "userDisplayName": "The Instructor2",
            "userEmail": "instructor2@local.host",
            "userComment": " "
        },
        {
            "memberRole": "Student",
            "userDisplayName": "Wong Kar-Wai",
            "userEmail": "wkw@local.host",
            "userComment": "bibendum elementum, mi e"
        },
        {
            "memberRole": "Student",
            "userDisplayName": "El Niño",
            "userEmail": "warmPacificWater@local.host",
            "userComment": " "
        },
        {
            "memberRole": "Student",
            "userDisplayName": "Roslyn Kyllonen",
            "userEmail": "roslyn.kyllonen@local.host",
            "userComment": "In feugiat mollis mattis."
        },
        {
            "memberRole": "Student",
            "userDisplayName": "Marylou Dare",
            "userEmail": "marylou.dare@local.host",
            "userComment": ""
        },
        {
            "memberRole": "Student",
            "userDisplayName": "Javier Dagenais",
            "userEmail": "javier.dagenais@local.host",
            "userComment": ""
        },
        {
            "memberRole": "Student",
            "userDisplayName": "Sharron Hofman",
            "userEmail": "sharron.hofman@local.host",
            "userComment": ""
        },
        {
            "memberRole": "Student",
            "userDisplayName": "Allan Mackowiak",
            "userEmail": "allan.mackowiak@local.host",
            "userComment": "Pellentesque feugiat tellus"
        },
        {
            "memberRole": "Student",
            "userDisplayName": "Fernando Horwitz",
            "userEmail": "fernando.horwitz@local.host",
            "userComment": ""
        },
        {
            "memberRole": "Student",
            "userDisplayName": "Saundra Livingstone",
            "userEmail": "saundra.livingstone@local.host",
            "userComment": ""
        },
        {
            "memberRole": "Student",
            "userDisplayName": "Tyrone Berk",
            "userEmail": "tyrone.berk@local.host",
            "userComment": ""
        },
        {
            "memberRole": "Student",
            "userDisplayName": "Lilia Rist",
            "userEmail": "lilia.rist@local.host",
            "userComment": "Ut sit amet sollicitudin est."
        },
        {
            "memberRole": "Student",
            "userDisplayName": "Ted Doom",
            "userEmail": "ted.doom@local.host",
            "userComment": ""
        },
        {
            "memberRole": "Student",
            "userDisplayName": "Jessie Gehling",
            "userEmail": "jessie.gehling@local.host",
            "userComment": ""
        },
        {
            "memberRole": "Student",
            "userDisplayName": "Loraine Streich",
            "userEmail": "loraine.streich@local.host",
            "userComment": "Duis at elit ac urna adipiscing sagittis."
        },
        {
            "memberRole": "Student",
            "userDisplayName": "Ericka Worthey",
            "userEmail": "ericka.worthey@local.host",
            "userComment": ""
        },
        {
            "memberRole": "Student",
            "userDisplayName": "Amie Casebeer",
            "userEmail": "amie.casebeer@local.host",
            "userComment": "In feugiat mollis mattis."
        },
        {
            "memberRole": "Student",
            "userDisplayName": "Cody Naval",
            "userEmail": "cody.naval@local.host",
            "userComment": ""
        },
        {
            "memberRole": "Student",
            "userDisplayName": "Jamie Steely",
            "userEmail": "jamie.steely@local.host",
            "userComment": ""
        },
        {
            "memberRole": "Student",
            "userDisplayName": "Odessa Bettcher",
            "userEmail": "odessa.bettcher@local.host",
            "userComment": ""
        },
        {
            "memberRole": "Student",
            "userDisplayName": "Mathew Derrico",
            "userEmail": "mathew.derrico@local.host",
            "userComment": ""
        },
        {
            "memberRole": "Student",
            "userDisplayName": "Julio Quincy",
            "userEmail": "julio.quincy@local.host",
            "userComment": "Pellentesque feugiat tellus"
        },
        {
            "memberRole": "Student",
            "userDisplayName": "Fernando Borquez",
            "userEmail": "fernando.borquez@local.host",
            "userComment": ""
        },
        {
            "memberRole": "Student",
            "userDisplayName": "Lonnie Farrior",
            "userEmail": "lonnie.farrior@local.host",
            "userComment": ""
        },
        {
            "memberRole": "Student",
            "userDisplayName": "Guy Saenger",
            "userEmail": "guy.saenger@local.host",
            "userComment": ""
        },
        {
            "memberRole": "Student",
            "userDisplayName": "Elinor Miro",
            "userEmail": "elinor.miro@local.host",
            "userComment": "Duis at elit ac urna adipiscing sagittis."
        },
        {
            "memberRole": "Student",
            "userDisplayName": "Fernando Radin",
            "userEmail": "fernando.radin@local.host",
            "userComment": ""
        },
        {
            "memberRole": "Student",
            "userDisplayName": "Melisa Hanline",
            "userEmail": "melisa.hanline@local.host",
            "userComment": "In feugiat mollis mattis."
        },
        {
            "memberRole": "Student",
            "userDisplayName": "Guy Buch",
            "userEmail": "guy.buch@local.host",
            "userComment": ""
        },
        {
            "memberRole": "Student",
            "userDisplayName": "Darcy Shy",
            "userEmail": "darcy.shy@local.host",
            "userComment": "Ut sit amet sollicitudin est."
        },
        {
            "memberRole": "Student",
            "userDisplayName": "Kelly Witman",
            "userEmail": "kelly.witman@local.host",
            "userComment": ""
        },
        {
            "memberRole": "Student",
            "userDisplayName": "Dollie Ziebarth",
            "userEmail": "dollie.ziebarth@local.host",
            "userComment": ""
        },
        {
            "memberRole": "Student",
            "userDisplayName": "Jamie Collison",
            "userEmail": "jamie.collison@local.host",
            "userComment": ""
        },
        {
            "memberRole": "Student",
            "userDisplayName": "Jenice Perritt",
            "userEmail": "jenice.perritt@local.host",
            "userComment": ""
        },
        {
            "memberRole": "Student",
            "userDisplayName": "Temeka Valine",
            "userEmail": "temeka.valine@local.host",
            "userComment": ""
        },
        {
            "memberRole": "Student",
            "userDisplayName": "Marlen Sochor",
            "userEmail": "marlen.sochor@local.host",
            "userComment": ""
        },
        {
            "memberRole": "Student",
            "userDisplayName": "Devorah Orrison",
            "userEmail": "devorah.orrison@local.host",
            "userComment": ""
        },
        {
            "memberRole": "Student",
            "userDisplayName": "Bentivegna",
            "userEmail": "bentivegna@local.host",
            "userComment": ""
        },
        {
            "memberRole": "Student",
            "userDisplayName": "Marget Garske",
            "userEmail": "marget.garske@local.host",
            "userComment": ""
        },
        {
            "memberRole": "Student",
            "userDisplayName": "Aliza Sadri",
            "userEmail": "aliza.sadri@local.host",
            "userComment": ""
        },
        {
            "memberRole": "Student",
            "userDisplayName": "Jerald Askari",
            "userEmail": "jerald.askari@local.host",
            "userComment": ""
        },
        {
            "memberRole": "Student",
            "userDisplayName": "Numan Freeman",
            "userEmail": "numan.freeman@local.host",
            "userComment": ""
        },
        {
            "memberRole": "Student",
            "userDisplayName": "Tommie Fennessy",
            "userEmail": "tommie.fennessy@local.host",
            "userComment": "Duis at elit ac urna adipiscing sagittis."
        },
        {
            "memberRole": "Student",
            "userDisplayName": "Courtney Hildring",
            "userEmail": "courtney.hildring@local.host",
            "userComment": ""
        },
        {
            "memberRole": "Student",
            "userDisplayName": "Lezlie Bonas",
            "userEmail": "lezlie.bonas@local.host",
            "userComment": ""
        },
        {
            "memberRole": "Student",
            "userDisplayName": "Van Sinyard",
            "userEmail": "van.sinyard@local.host",
            "userComment": ""
        },
        {
            "memberRole": "Student",
            "userDisplayName": "Jan Shanholtz",
            "userEmail": "jan.shanholtz@local.host",
            "userComment": ""
        },
        {
            "memberRole": "Student",
            "userDisplayName": "Dominick Frieler",
            "userEmail": "dominick.frieler@local.host",
            "userComment": ""
        },
        {
            "memberRole": "Student",
            "userDisplayName": "Tommie Slunaker",
            "userEmail": "tommie.slunaker@local.host",
            "userComment": ""
        },
        {
            "memberRole": "Student",
            "userDisplayName": "Darnell Ferell",
            "userEmail": "darnell.ferell@local.host",
            "userComment": ""
        },
        {
            "memberRole": "Student",
            "userDisplayName": "Emmett Condict",
            "userEmail": "emmett.condict@local.host",
            "userComment": "Ut sit amet sollicitudin est."
        },
        {
            "memberRole": "Student",
            "userDisplayName": "Emanuel Christesen",
            "userEmail": "emanuel.christesen@local.host",
            "userComment": ""
        },
        {
            "memberRole": "Student",
            "userDisplayName": "Darnell Phoeuk",
            "userEmail": "darnell.phoeuk@local.host",
            "userComment": ""
        },
        {
            "memberRole": "Student",
            "userDisplayName": "Kimiko Lemmo",
            "userEmail": "kimiko.lemmo@local.host",
            "userComment": ""
        },
        {
            "memberRole": "Student",
            "userDisplayName": "Wei Estabrooks",
            "userEmail": "wei.estabrooks@local.host",
            "userComment": ""
        },
        {
            "memberRole": "Student",
            "userDisplayName": "Shirleen Nowlan",
            "userEmail": "shirleen.nowlan@local.host",
            "userComment": "Duis at elit ac urna adipiscing sagittis."
        },
        {
            "memberRole": "Student",
            "userDisplayName": "Rasheeda Eiden",
            "userEmail": "rasheeda.eiden@local.host",
            "userComment": ""
        },
        {
            "memberRole": "Student",
            "userDisplayName": "Winston Laue",
            "userEmail": "winston.laue@local.host",
            "userComment": ""
        },
        {
            "memberRole": "Student",
            "userDisplayName": "Lasandra Reedus",
            "userEmail": "lasandra.reedus@local.host",
            "userComment": "Pellentesque feugiat tellus"
        },
        {
            "memberRole": "Student",
            "userDisplayName": "Toby Hammen",
            "userEmail": "toby.hammen@local.host",
            "userComment": ""
        },
        {
            "memberRole": "Student",
            "userDisplayName": "Emanuel Emhoff",
            "userEmail": "emanuel.emhoff@local.host",
            "userComment": ""
        },
        {
            "memberRole": "Student",
            "userDisplayName": "Randal Crumm",
            "userEmail": "randal.crumm@local.host",
            "userComment": ""
        },
        {
            "memberRole": "Student",
            "userDisplayName": "Toby Brackney",
            "userEmail": "toby.brackney@local.host",
            "userComment": "In feugiat mollis mattis."
        },
        {
            "memberRole": "Student",
            "userDisplayName": "Elijah Stjuste",
            "userEmail": "elijah.stjuste@local.host",
            "userComment": "Pellentesque feugiat tellus"
        },
        {
            "memberRole": "Student",
            "userDisplayName": "Meggan Wyne",
            "userEmail": "meggan.wyne@local.host",
            "userComment": ""
        },
        {
            "memberRole": "Student",
            "userDisplayName": "Brendan Anagnos",
            "userEmail": "brendan.anagnos@local.host",
            "userComment": ""
        },
        {
            "memberRole": "Student",
            "userDisplayName": "Raser",
            "userEmail": "raser@local.host",
            "userComment": ""
        },
        {
            "memberRole": "Student",
            "userDisplayName": "Reiko Reiland",
            "userEmail": "reiko.reiland@local.host",
            "userComment": ""
        },
        {
            "memberRole": "Student",
            "userDisplayName": "Brendan Moening",
            "userEmail": "brendan.moening@local.host",
            "userComment": "In feugiat mollis mattis."
        },
        {
            "memberRole": "Student",
            "userDisplayName": "Waltraud Mulch",
            "userEmail": "waltraud.mulch@local.host",
            "userComment": ""
        },
        {
            "memberRole": "Student",
            "userDisplayName": "Toby Radican",
            "userEmail": "toby.radican@local.host",
            "userComment": ""
        },
        {
            "memberRole": "Student",
            "userDisplayName": "Cary Linscomb",
            "userEmail": "cary.linscomb@local.host",
            "userComment": ""
        },
        {
            "memberRole": "Student",
            "userDisplayName": "Arminda Callister",
            "userEmail": "arminda.callister@local.host",
            "userComment": "Duis at elit ac urna adipiscing sagittis."
        },
        {
            "memberRole": "Student",
            "userDisplayName": "Wonda Dykhuizen",
            "userEmail": "wonda.dykhuizen@local.host",
            "userComment": ""
        },
        {
            "memberRole": "Student",
            "userDisplayName": "Abel Syler",
            "userEmail": "abel.syler@local.host",
            "userComment": ""
        },
        {
            "memberRole": "Student",
            "userDisplayName": "Devora Iacono",
            "userEmail": "devora.iacono@local.host",
            "userComment": ""
        },
        {
            "memberRole": "Student",
            "userDisplayName": "Arminda Fugett",
            "userEmail": "arminda.fugett@local.host",
            "userComment": ""
        },
        {
            "memberRole": "Student",
            "userDisplayName": "Aliza Oppelt",
            "userEmail": "aliza.oppelt@local.host",
            "userComment": ""
        },
        {
            "memberRole": "Student",
            "userDisplayName": "Darnell Lacewell",
            "userEmail": "darnell.lacewell@local.host",
            "userComment": ""
        },
        {
            "memberRole": "Student",
            "userDisplayName": "Elois Gonthier",
            "userEmail": "elois.gonthier@local.host",
            "userComment": ""
        },
        {
            "memberRole": "Student",
            "userDisplayName": "Jerald Piontkowski",
            "userEmail": "jerald.piontkowski@local.host",
            "userComment": ""
        },
        {
            "memberRole": "Student",
            "userDisplayName": "Wei Hinchliffe",
            "userEmail": "wei.hinchliffe@local.host",
            "userComment": ""
        },
        {
            "memberRole": "Student",
            "userDisplayName": "Juliane Mclafferty",
            "userEmail": "juliane.mclafferty@local.host",
            "userComment": ""
        },
        {
            "memberRole": "Student",
            "userDisplayName": "Winston Palo",
            "userEmail": "winston.palo@local.host",
            "userComment": ""
        },
        {
            "memberRole": "Student",
            "userDisplayName": "Tashia Vandevelde",
            "userEmail": "tashia.vandevelde@local.host",
            "userComment": ""
        },
        {
            "memberRole": "Student",
            "userDisplayName": "Timmy Castine",
            "userEmail": "timmy.castine@local.host",
            "userComment": ""
        },
        {
            "memberRole": "Student",
            "userDisplayName": "Brendan Schaumberg",
            "userEmail": "brendan.schaumberg@local.host",
            "userComment": ""
        },
        {
            "memberRole": "Student",
            "userDisplayName": "Jenice Thane",
            "userEmail": "jenice.thane@local.host",
            "userComment": ""
        },
        {
            "memberRole": "Student",
            "userDisplayName": "Brendan Jaurequi",
            "userEmail": "brendan.jaurequi@local.host",
            "userComment": ""
        },
        {
            "memberRole": "Student",
            "userDisplayName": "Kelle Carby",
            "userEmail": "kelle.carby@local.host",
            "userComment": ""
        },
        {
            "memberRole": "Student",
            "userDisplayName": "Jacquiline Minty",
            "userEmail": "jacquiline.minty@local.host",
            "userComment": ""
        },
        {
            "memberRole": "Student",
            "userDisplayName": "Roman Escue",
            "userEmail": "roman.escue@local.host",
            "userComment": "Duis at elit ac urna adipiscing sagittis."
        },
        {
            "memberRole": "Student",
            "userDisplayName": "Ozella Knippenberg",
            "userEmail": "ozella.knippenberg@local.host",
            "userComment": ""
        },
        {
            "memberRole": "Student",
            "userDisplayName": "Austin Ardis",
            "userEmail": "austin.ardis@local.host",
            "userComment": ""
        },
        {
            "memberRole": "Student",
            "userDisplayName": "Jeremiah Steffy",
            "userEmail": "jeremiah.steffy@local.host",
            "userComment": "Ut sit amet sollicitudin est."
        },
        {
            "memberRole": "Student",
            "userDisplayName": "Herminia Minshall",
            "userEmail": "herminia.minshall@local.host",
            "userComment": ""
        },
        {
            "memberRole": "Student",
            "userDisplayName": "Arturo Hayhurst",
            "userEmail": "arturo.hayhurst@local.host",
            "userComment": ""
        },
        {
            "memberRole": "Student",
            "userDisplayName": "Carissa Bolter",
            "userEmail": "carissa.bolter@local.host",
            "userComment": ""
        },
        {
            "memberRole": "Student",
            "userDisplayName": "Millicent Lenser",
            "userEmail": "millicent.lenser@local.host",
            "userComment": ""
        },
        {
            "memberRole": "Student",
            "userDisplayName": "Joey Maletta",
            "userEmail": "joey.maletta@local.host",
            "userComment": "In feugiat mollis mattis."
        },
        {
            "memberRole": "Student",
            "userDisplayName": "Terra Zellars",
            "userEmail": "terra.zellars@local.host",
            "userComment": ""
        },
        {
            "memberRole": "Student",
            "userDisplayName": "Sierra Dossantos",
            "userEmail": "sierra.dossantos@local.host",
            "userComment": ""
        },
        {
            "memberRole": "Student",
            "userDisplayName": "Rene Vallieres",
            "userEmail": "rene.vallieres@local.host",
            "userComment": "Duis at elit ac urna adipiscing sagittis."
        },
        {
            "memberRole": "Student",
            "userDisplayName": "Seth Yasso",
            "userEmail": "seth.yasso@local.host",
            "userComment": ""
        },
        {
            "memberRole": "Student",
            "userDisplayName": "Letitia Moscato",
            "userEmail": "letitia.moscato@local.host",
            "userComment": ""
        },
        {
            "memberRole": "Student",
            "userDisplayName": "Joey Fulp",
            "userEmail": "joey.fulp@local.host",
            "userComment": ""
        },
        {
            "memberRole": "Student",
            "userDisplayName": "Janell Bondi",
            "userEmail": "janell.bondi@local.host",
            "userComment": ""
        },
        {
            "memberRole": "Student",
            "userDisplayName": "Kent Symes",
            "userEmail": "kent.symes@local.host",
            "userComment": "Duis at elit ac urna adipiscing sagittis."
        },
        {
            "memberRole": "Student",
            "userDisplayName": "Helga Reda",
            "userEmail": "helga.reda@local.host",
            "userComment": ""
        },
        {
            "memberRole": "Student",
            "userDisplayName": "Nick Lamark",
            "userEmail": "nick.lamark@local.host",
            "userComment": ""
        },
        {
            "memberRole": "Student",
            "userDisplayName": "Arturo Laforest",
            "userEmail": "arturo.laforest@local.host",
            "userComment": ""
        },
        {
            "memberRole": "Student",
            "userDisplayName": "Marquita Loudon",
            "userEmail": "marquita.loudon@local.host",
            "userComment": ""
        },
        {
            "memberRole": "Student",
            "userDisplayName": "Bertie Paredez",
            "userEmail": "bertie.paredez@local.host",
            "userComment": ""
        },
        {
            "memberRole": "Student",
            "userDisplayName": "Louella Lantzy",
            "userEmail": "louella.lantzy@local.host",
            "userComment": ""
        },
        {
            "memberRole": "Student",
            "userDisplayName": "Germaine Kostelnik",
            "userEmail": "germaine.kostelnik@local.host",
            "userComment": "In feugiat mollis mattis."
        },
        {
            "memberRole": "Student",
            "userDisplayName": "Dana Brouillette",
            "userEmail": "dana.brouillette@local.host",
            "userComment": "Pellentesque feugiat tellus"
        },
        {
            "memberRole": "Student",
            "userDisplayName": "Dana Pannone",
            "userEmail": "dana.pannone@local.host",
            "userComment": ""
        },
        {
            "memberRole": "Student",
            "userDisplayName": "Rene Farrior",
            "userEmail": "rene.farrior@local.host",
            "userComment": "Ut sit amet sollicitudin est."
        },
        {
            "memberRole": "Student",
            "userDisplayName": "Evan Yamauchi",
            "userEmail": "evan.yamauchi@local.host",
            "userComment": ""
        },
        {
            "memberRole": "Student",
            "userDisplayName": "Millicent Walthour",
            "userEmail": "millicent.walthour@local.host",
            "userComment": ""
        },
        {
            "memberRole": "Student",
            "userDisplayName": "Seth Abdo",
            "userEmail": "seth.abdo@local.host",
            "userComment": ""
        },
        {
            "memberRole": "Student",
            "userDisplayName": "Kent Jaycox",
            "userEmail": "kent.jaycox@local.host",
            "userComment": "Duis at elit ac urna adipiscing sagittis."
        },
        {
            "memberRole": "Student",
            "userDisplayName": "Rene Haymaker",
            "userEmail": "rene.haymaker@local.host",
            "userComment": ""
        },
        {
            "memberRole": "Student",
            "userDisplayName": "Margareta Macina",
            "userEmail": "margareta.macina@local.host",
            "userComment": ""
        },
        {
            "memberRole": "Student",
            "userDisplayName": "Ardell Dunk",
            "userEmail": "ardell.dunk@local.host",
            "userComment": ""
        },
        {
            "memberRole": "Student",
            "userDisplayName": "Lamar Semper",
            "userEmail": "lamar.semper@local.host",
            "userComment": ""
        },
        {
            "memberRole": "Student",
            "userDisplayName": "Sebrina Fahie",
            "userEmail": "sebrina.fahie@local.host",
            "userComment": ""
        },
        {
            "memberRole": "Student",
            "userDisplayName": "Penni Wolfley",
            "userEmail": "penni.wolfley@local.host",
            "userComment": ""
        },
        {
            "memberRole": "Student",
            "userDisplayName": "Bert Ahlm",
            "userEmail": "bert.ahlm@local.host",
            "userComment": "In feugiat mollis mattis."
        },
        {
            "memberRole": "Student",
            "userDisplayName": "Merle Carbary",
            "userEmail": "merle.carbary@local.host",
            "userComment": ""
        },
        {
            "memberRole": "Student",
            "userDisplayName": "Pat Sweene",
            "userEmail": "pat.sweene@local.host",
            "userComment": ""
        },
        {
            "memberRole": "Student",
            "userDisplayName": "Terrell Asebedo",
            "userEmail": "terrell.asebedo@local.host",
            "userComment": ""
        },
        {
            "memberRole": "Student",
            "userDisplayName": "Launa Legare",
            "userEmail": "launa.legare@local.host",
            "userComment": ""
        },
        {
            "memberRole": "Student",
            "userDisplayName": "Launa Kalla",
            "userEmail": "launa.kalla@local.host",
            "userComment": ""
        },
        {
            "memberRole": "Student",
            "userDisplayName": "Jolanda Oliveria",
            "userEmail": "jolanda.oliveria@local.host",
            "userComment": "Duis at elit ac urna adipiscing sagittis."
        },
        {
            "memberRole": "Student",
            "userDisplayName": "Waibel Jacobson",
            "userEmail": "waibel.jacobson@local.host",
            "userComment": ""
        },
        {
            "memberRole": "Student",
            "userDisplayName": "Roman Kueker",
            "userEmail": "roman.kueker@local.host",
            "userComment": ""
        },
        {
            "memberRole": "Student",
            "userDisplayName": "Exie Lyalls",
            "userEmail": "exie.lyalls@local.host",
            "userComment": ""
        },
        {
            "memberRole": "Student",
            "userDisplayName": "Grady Eva",
            "userEmail": "grady.eva@local.host",
            "userComment": ""
        },
        {
            "memberRole": "Student",
            "userDisplayName": "Cornelius Schein",
            "userEmail": "cornelius.schein@local.host",
            "userComment": ""
        },
        {
            "memberRole": "Student",
            "userDisplayName": "Bert Bures",
            "userEmail": "bert.bures@local.host",
            "userComment": ""
        },
        {
            "memberRole": "Student",
            "userDisplayName": "Ramiro Salmans",
            "userEmail": "ramiro.salmans@local.host",
            "userComment": "Pellentesque feugiat tellus"
        },
        {
            "memberRole": "Student",
            "userDisplayName": "Glynda Belsito",
            "userEmail": "glynda.belsito@local.host",
            "userComment": ""
        },
        {
            "memberRole": "Student",
            "userDisplayName": "Edda Cardell",
            "userEmail": "edda.cardell@local.host",
            "userComment": ""
        },
        {
            "memberRole": "Student",
            "userDisplayName": "Keena Teno",
            "userEmail": "keena.teno@local.host",
            "userComment": ""
        },
        {
            "memberRole": "Student",
            "userDisplayName": "Conrad Wienke",
            "userEmail": "conrad.wienke@local.host",
            "userComment": ""
        },
        {
            "memberRole": "Student",
            "userDisplayName": "Pandora Whitehall",
            "userEmail": "pandora.whitehall@local.host",
            "userComment": "Ut sit amet sollicitudin est."
        },
        {
            "memberRole": "Student",
            "userDisplayName": "Clarita Nuzum",
            "userEmail": "clarita.nuzum@local.host",
            "userComment": ""
        },
        {
            "memberRole": "Student",
            "userDisplayName": "Bradford Bonvillain",
            "userEmail": "bradford.bonvillain@local.host",
            "userComment": ""
        },
        {
            "memberRole": "Student",
            "userDisplayName": "Phil Bascomb",
            "userEmail": "phil.bascomb@local.host",
            "userComment": "Duis at elit ac urna adipiscing sagittis."
        },
        {
            "memberRole": "Student",
            "userDisplayName": "Hanh Cammon",
            "userEmail": "hanh.cammon@local.host",
            "userComment": ""
        },
        {
            "memberRole": "Student",
            "userDisplayName": "Margareta Wesolick",
            "userEmail": "margareta.wesolick@local.host",
            "userComment": "In feugiat mollis mattis."
        },
        {
            "memberRole": "Student",
            "userDisplayName": "Alonzo Hampel",
            "userEmail": "alonzo.hampel@local.host",
            "userComment": "Duis at elit ac urna adipiscing sagittis."
        }
    ]
}