{
    "reorderer": {
        "name": "Reorderer",
        "description": "Reposition content using drag and drop with the mouse or the keyboard.",
        "cssFiles": [
            "Reorderer.css",
            "ImageReorderer.css"
        ],
        "files": [
            "ReordererDOMUtilities.js",
            "GeometricManager.js",
            "Reorderer.js",
            "ImageReorderer.js",
            "ModuleLayout.js",
            "LayoutReorderer.js"
        ],
        "dependencies": [
            "jQuery",
            "jQueryUICore",
            "jQueryUIWidgets",
            "framework",
            "json"
        ]
    }
}