{
    "uploader": {
        "name": "Uploader",
        "description": "Upload single files, batches of files, and large files while visually indicating duration.",
        "cssFiles": "Uploader.css",
        "files": ["Uploader.js", "FileQueue.js", "FileQueueView.js", "ErrorPanel.js", "FlashUploaderSupport.js", "Flash9UploaderSupport.js", "HTML5UploaderSupport.js", "DemoUploadManager.js", "MimeTypeExtensions.js"],
        "dependencies": ["fss", "jQuery", "jQueryUICore", "jQueryScrollToPlugin", "framework", "swfobject", "swfupload", "progress", "enhancement"]
    }
}