{
  "createdTime": {
    "display": "Oct 6, 2008 12:02 pm",
    "time": 1223319777000
  },
  "description": "A rich, <b>bold<\/b>, and <i>italicized <\/i>place to...<br\/>\r\n<br\/>\r\nclick around.<br\/>",
  "iconFullUrl": null,
  "iconUrl": null,
  "iconUrlFull": null,
  "id": "4be4beb3-f4dd-499f-b096-ece2252e6556",
  "infoUrl": null,
  "infoUrlFull": null,
  "joinerRole": "access",
  "lastModified": 1223930477000,
  "maintainRole": "maintain",
  "maintainerUserId": null,
  "modifiedTime": {
    "display": "Oct 13, 2008 1:41 pm",
    "time": 1223930477000
  },
  "owner": "admin",
  "props": {
    "contact-name": "Sakai Administrator"
  },
  "providerGroupId": null,
  "reference": "\/site\/4be4beb3-f4dd-499f-b096-ece2252e6556",
  "shortDescription": "It once was blather but now it's not.",
  "siteOwner": {
    "userDisplayName": "Sakai Administrator",
    "userEntityURL": "\/direct\/user\/admin",
    "userId": "admin"
  },
  "userRoles": [
    "Instructor",
    "TA",
    "Student",
    "Guest"
  ],
  "skin": "default",
  "title": "Foo",
  "type": "project",
  "url": "http:\/\/localhost:8080\/sakai-entitybroker-direct\/site\/4be4beb3-f4dd-499f-b096-ece2252e6556",
  "activeEdit": false,
  "customPageOrdered": false,
  "empty": false,
  "joinable": true,
  "pubView": true,
  "published": true,
  "entityReference": "\/site\/4be4beb3-f4dd-499f-b096-ece2252e6556",
  "entityURL": "http:\/\/localhost:8080\/direct\/site\/4be4beb3-f4dd-499f-b096-ece2252e6556",
  "entityId": "4be4beb3-f4dd-499f-b096-ece2252e6556",
  "entityTitle": "Foo"
}